danji_id,danji_name,age,sex,residenceType,married,totalScore,totalDesc,trafficScore,trafficDesc,aroundScore,aroundDesc,careScore,careDesc,residentScore,residentDesc
5584,명륜아남3단지,40대,여자,전세 또는 월세,기혼,5,교통좋고ᆞ 대학로 문화시설좋고ᆞ 초중고학교 가깝고 좋고ᆞ 물가 안비싸고ᆞ집값은 좀 비싸지만  다른 여건에 비해 그리 비싸지 않음ᆞ 층간소음 괜잖은듯ᆢ물론 이웃을 잘 만나야겠죠,5,혜화역 도보 5분ᆞ종로 강남가는 버스 도보 3분거리ᆞ 북쪽으로 가는 버스는 다 있습니다ᆞ교통 엄청 편리,5,마트 도보 1분이내에 있고ᆞ중견마트 도보 5분이내ᆞ삼청동둘레길ᆢ성북동길ᆢ창경궁ᆢ도보 5분ㅡ10분이내에 있어요,5,주차관리 잘되고 단지 깨끗 ᆞ경비아저씨들 단지 관리 잘하시고 주상복합이지만 못 느낄정도로 좋음,4,대로변이라 창문열면 좀 시끄러운건 있음  전반적으로 깨끗 깔끔 대학로 문뫄시설 아주솧음
5584,명륜아남3단지,20대,여자,자가 거주,미혼,3,이 아파트를 주변사람들에게 추천할 만 하다. 가까이에 활기가 넘치는 대학로도 있고 연극도 자주하고 다른 곳과의 교통도 편리해서 살기에는 최적인 굿 같다. 아파트 가격이 다른 곳에 비해 저렴한지는 잘 모르겠으나 층간소음이 적고 도로변의 자동차소리도 많이 나지 않기 때문이 3점을 주었다.,3,강남까지 30분이면 가고 신촌에 있는 학교까지 빠를 땐 15분 보통 20분 정도 걸리는 최고의 지역에 위치해있습니다. 수서역도 34분이면 가는 등 교통의 요지입니다. 집 근처에도 버스 정류장이 있어서 아주 편리합니다. 혜화인 만큼 연극도 자주 볼 수 있고 cgv도 가까워서 문화생활하기도 좋습니다.,3,일단 집 바로 근처의 아파트 단지에 홈플러스익스프레스가 있어서 웬만한 식자재는 여기서 구입할 수 있다. 또 샌드위치나 치아바타 김밥 등을 파는 가게들이 걸어서 5분이내에 위치하고 있어 매우 편리하다. 집앞에서 좀 더 걸어가면 낙산공원도 있어서 밤에 야경도 볼 수 있고 반대방향으로 걸어가면 마로니에 공원도 있어서 자전거를 탈 수도 있다. 공기도 맑은 편이다.,3,공용 현관의 비밀번호를 자주 바꿔서 외부인이 들어올 가능성이 낮고 잡상인의 출입도 자연스레 금지돼서 안전하다. 택배를 경비 아저씨가 한 곳에 보관하다보니 잃어버릴 가능성이 낮고 또 안전하다. 관리비도 저렴한 편이고 그럭저럭   만족하는 편이다.,3,베란다가 넓게 트여있지 않아 외풍도 적게 들어와서 여름에는 따로 에어컨을 틀어야하는 번거로움이 있지만 시원한 편이어서 선풍기로도 충분하다. 하지만 이는 찬바람이 부는 겨울에는 장점이 되어 난방을 자주 오래 틀지않아도 그렇게 실내가 춥지 않아서 관리비가 적게 나온다.
5584,명륜아남3단지,20대,남자,전세 또는 월세,미혼,5,아남아파트의 장점은 역시 대학로에 인접해있다는 거다. 대학로에 붙어있다 보니 정말 좋고 편의시설이 주변에 많아서 놀러 가기 편하고 친구들이 많이 놀러 오는 만남의 장소이다.,5,아남아파트는 교통이 좋은 게 걸어서 5분 거리에 혜화역이 있다. 그리고 버스정류장이 3개나 됨으로써 지나가는 버스가 많아서 버스 선택지가 많다 보니깐 배차 간격이 짧을 수밖에 없다. 하지만 출퇴근 시간에는 대학로가 많이 막히는 불편한 점이 있지만 버스전용 차도가 있어서 좀 나은 편이다.,5,아남아파트 단지에 홈플러스가 있고 바로 옆에 카페들과 편의점이 있다. 그래서 필요한 생활용품은 바로 앞에서 구할 수 있어서 좋다. 두 번째로는 혜화동 주민센터와 우체국이 바로 옆에 있어서 개인 용무 처리하기가 편하다.,3,아파트 단지가 넓고 대학로에서 조금 떨어져 있어서 조용하고 좋다. 그래서 항상 지내기가 편하다. 하지만 아파트가 조금 나이가 있어서 인지 집안이 낡은 편이다. 경비아저씨가 각 단지마다 없는 것도 있다. 그게 택배 분실이나 치안상 안 좋아 보인다.,5,바람이 잘 통한다. 왜냐면 주변에 크고 높은 건물들이 있지 않고 적어도 내가 살은 동은 맞은편에 마주 보는 건물이 없어서 바람이 잘 통해서 항상 여름에는 그렇게 덥지가 않았고 에어컨 없이 덥긴 더웠지만 잘 견디어 냈다.
5064,삼성,40대,남자,자가 거주,기혼,5,조용한 분위기를 원하는 분들께 추천합니다. 아이가 없고 직장이 시내입니다. 2년째 거주중인데 불편함 없고 만족도가 큽니다.,4,지하철은 없지만 아파트 단지 바로 앞에 버스 정류장이 있어서 불편함은 크지 않습니다. 직장이 시내인 경우에는 특히 편합니다.,4,마트는 걸어서 15분. 헬스클럽은 걸어서 10분 거리에 있습니다. 길을 건너면 북한산 등산로가 있어서 운동하기 좋습니다. 특히 공기와 조망이 좋습니다.,4,오래된 아파트지만 경비아저씨들이 꼼꼼히 관리합니다. 공용현관도 비밀번호 있어야 하고 외부 차량도 함부로 들어오지 못합니다.,5,"층간 소음은 조금 있는 편이지만, 경관이 뛰어나고 공기가 좋아서 만족스럽습니다. 어린이집도 있습니다."
5064,삼성,30대,남자,자가 거주,기혼,4,1. 산 뷰 2. 조용한 동네 3. 오래 되었지만 잘 관리된 아파트 4. 생각보다 괜찮은 교통 5. 넓은 집 구조 6. 가격대비 높은 만족도,4,"홍제, 광화문, 길음으로 한번에 가는 버스가 있고 내부순환도로가 가까워 교통은 생각보다 좋다. 아파트 바로 앞에 길음쪽으로 가는 버스 정류장이 있다. 다만 대중교통으로 강남으로 가는건 힘들다.",4,사방이 산이고 아파트에서 산 뷰를 즐길 수 있어서 정말 만족스럽다. 주변에 대형 마트가 없는게 단점으로 볼 수 있지만 대신 동네가 한적하고 조용하다.,3,오래된 건물이지만 잘 관리 되어있고 깨끗하다. 하지만 아파트 엘리베이터는 교체가 필요한듯하다.,4,뷰가 좋고 집이 평수대비 넓은것 같다. 산속이라 여름엔 창문을 열어놓으면 시원하지만 저층은 모기 문제가 있을것 같다. 오래된 아파트라 수압이 약하다.
5064,삼성,20대,여자,자가 거주,미혼,4,초중고등학교 모두 통학할만하며 서울에서 보기 드문 자연경관을 볼수있는것이 장점이다. 경복궁역 또는 길음역이 제일 가까운역인데 버스로15~20분이상 나가야하는것이 단점,3,지하철이 없지만 버스정류장이 가깝고 노선이 다양해서 괜찮다. 주차자리도 넉넉하진 않지만 크게 불편하지는 않고 내부순환이 생겨서 강남진입시간이 단축되었음,3,대형마트는 없지만 동네마트가 배달이 빠르고 편리함. 북한산 둘레길도 있지만 그냥 동네가 산길이다보니 산책하기도 좋고 4계절을 모두 느끼기에 좋음,5,경비아저씨와 소장님 그리고 청소해주시는분까지 오래근무하셔서 아파트에 대해 잘 알고 친절하시다. 항상 관리가 잘되고 정돈 된 느낌을 받았다.,4,창이 크게 있어 환기와 햇볕이 잘 든다. 복도소음과 층간소음은 보통.. 관리비는 평균15만원이상 나오고 냉난방에는 어려움이 없었따.
5064,삼성,40대,남자,자가 거주,기혼,5,"마트 가깝고  출퇴근 생각보다 좋으며(그래서 숨겨진 저평가 지역)  공기좋고, 아름답고, 여유로운 분위기  유치원:상명부속, 하나, 세검정, 영어유치원  초교:세검정(공립), 상명부속/매원/영훈 셔틀다님  중:상명여중,청운중  고:경복고, 상명여고  내부순환 이용 너무좋고(신호대기 거의없이 바로진입), 강북선 개통(5분거리)",4,"상차버스정류장 3분거리, 하차버스정류장 15초거리, 버스로 3호선 경복궁역 15~18분, 5호선 광화문역 18~20분, 1/2호선 시청역 20~23분  최근 내부순환램프 신설로 이마트 갈때 15분, 올때 7~8분, 잠실/삼성동 18분, 청담/압구정 18~20분, 여의도 25분  속초 1시간 50분, 교통신호안받고 바로 내부순환으로 고속도로진입가능한 사통팔달  강북선(5분거리) 개통 예정",5,"북악산뷰, 평창동 저택뷰  1시간 50분거리 속초 리조트 다녀오면 집이 더 리조트 같은 산이 바로 테라스 앞(거슬리는 빌라, 아파트 가리는부분 없는 북악산뷰가 바로)  갤러리 미술관, 카페, 둘레길, 등산 등 취미생활 여유",5,"친절한 관리아저씨, 저렴한 관리비(32평형이라고 하나 등기부등본상 38평형이며 상대적 저렴)  지하주차장 네이버부동산 사진과 달리 리모델링 도색 완료해서 관리 잘하고있음  최근 아파트 도색 완료",4,"소음 크지않은편이며 큰길가지만 복도로 막혀 집은 조용함  거실이 30평대가아닌 40평대 거실사이즈임(확장 안해도 넓음, 이유는 108m2사이즈가아니라 122m2사이즈라서 그런듯)"
5064,삼성,40대,남자,전세 또는 월세,기혼,4,"전세 4년 살았던 경험으로서, 매매는 조금 주저되지만 물량만 있으면 전세는 추천한다. 단, 9시 출근 아니고 주변 가까운 곳이 직장인 경우에 해당될 것이다. 그리고 자녀가 장성했거나 또는 아직 초등학교 취학 전인 경우 더욱 적격일 것이다.",4,강북 여러 방향으로 운행하는 노선버스가 오히려(!) 충분하다. 대중교통에서의 유일한 단점은 전철역인 3호선 경복궁역 또는 4호선 미아역의로의 이동에 최소 20분 이상이 소요된다는 점이다. 아침시간에 3호선 경복궁역으로는 30분 이상이 걸린다는 점이 출퇴근하는 사람들에겐 결정적인 단점일 것이다.,5,106동의 경우 거실에서 북악산 전경이 너무나 아름답게 펼쳐진다는 점은 이 곳만의 절대 강점이다. 앞은 비록 꽤 넓은 5차선 도로이나 단지 뒤쪽으로는 참 조용하고 공기도 맑다. 서울 어지간한 도심에서 이만큼 평화로운 곳은 또 없을 듯싶다.,5,낡긴 했지만 관리사무소와 경비실 아저씨들이 아주 성심껏 잘 관리해주신다.,5,"정남향이라 겨울에도 햇볕이 오랫동안 거실 전체에 깊숙이 들어온다. 여름에는 오히려 시원하다. 갓난아이 3년 기르면서 여름 겨울, 한 번도 불편했던 적이 없을 정도로 날씨와는 잘 맞다. 층간소음은 좀 있는 편이다."
5064,삼성,20대,여자,자가 거주,미혼,4,"아무래도 지어진지 꽤 되었다 보니 겉보기에 조금 낡아 보이고, 번화가는 아니어서 조금 나가야 하지만 그만큼 조용하고 교통편도 좋은 편이어서 4점 주었다",4,서울 중심지로 갈 수 있는 버스들이 많아서 편하다(종로/신촌/홍대) 지하철은 길음역이나 경복궁/광화문까지 나가야 이용 가능한 게 단점,3,"버스로 4~5 정거장 걸어선 10~15분 정도 걸어가면 마트(롯데, GS편의점, 홈플러스 마켓) 이용 가능하나 이 마트 같은 대형마트를 이용하려면 은평구나 성북구 쪽으로 나가야 한다",4,"청소도 주기적으로 해주고 공동현관 비밀번호가 있어서 잡상인이 들어오지 못해 안전한 편이다 주차장도 출입카드가 있는 경우는 열리고, 없는 경우(외부인)는 들어갈 수 없고 경비인이 확인하고 열어준다 택배는 집에 사람이 없는 경우는 경비실에서 맡겨줘서 잃어버린 적은 없다",4,"북한산 아래라 공기도 좋고, 번화가가 아니라서 조용하다"
5064,삼성,40대,여자,자가 거주,미혼,5,가까이에 슈퍼마켓 음식점 등도 있고 산도 있고 공원도 있어 주변 환경에 매우 만족합니다. 주변 아파트에 비해 가격이 매우 저렴하고 출퇴근이 편해 추천합니다. 내부시설도 살만하고 층간 소음이 없어 추천합니다.,3,버스정류장이 약 3분 ~ 5분 사이로 매우 가까워서 출퇴근이 편리합니다. 하지만 경복궁 쪽으로 차가 매우 막혀 자가용 이용에 불편함이 있고 사고 잦게 일어납니다.,4,"주변에 공원이 가까이 있어 가족과 함께 산책할 수 있고, 편의점과 슈퍼마켓 등 작은 마트가 주위에 많아 편리합니다 또한 주위에 근처에 산이 있어 맑은 공기를 마실 수 있고 음식점도 가까이 있는 편입니다",5,관리비도 다른 아파트에 비해 매우 저렴하고 택배는 경비실에 맡게 되어 분실 위험도 없고 안전합니다 주차장 이용도 매우 편리해서 좋습니다,5,"난방시설이 자주 고장 나 불편함을 느낀다. 하지만 하루 종일 베란다를 열으먄 햇빛이 잘 들어와, 겨울에는 난방을 덜 할 수 있어 편리하다. 층간 소음이 거의 없어 이용함에 불편함이 없다."
5064,삼성,20대,여자,자가 거주,미혼,3,차 있으면 살기 편함. 층간소음 약간 있음. 대형마트 접근성은 떨어짐. 버스정류장이 단지 바로 앞에 있어서 편리합니다.,3,버스정류장 5분 거리 3호선 4호선 버스로 1520분 거리,3,조용하고 깨끗함. 마트나 편의점이 10분 거리. 대형마트 버스 3 정거장 거리로 불편합니다.,4,깨끗하고 분리수거도 경비 아저씨가 도와줘서 깨끗합니다. 택배를 잃어버린 적은 없고 경비아저씨가 단지가 2개 동밖에 없다 보니 얼굴을 다 외워요. 공용현관 비밀번호가 있지만 지하주차장에서는 비밀번호 없이 들어갈 수 있어서 약간 불안하지만 사고 있었던 적은 없음.,4,층간소음 약간 있고 난방은 빌라보다 훨씬 싸고 금방 따뜻해지고 바로 뒤에 산이라 창문 열면 시원하다
2815,무악현대,30대,여자,자가 거주,기혼,5,떠나기 싫은 아파트. 실제로 입주민들은 같은 단지 내에서 이사를 한다.(20평에서 30평대로),5,"정문은 독립문역 지하철이 있고 , 후문에는 종로5번 마을버스가 있다. 자차로 이동하면 출퇴근시간에 좀 막힌다",5,독립문역 공원 조성이 잘되어잇고 정문에 마트가 있다. 영천시장으로가면 살게 더 많다. 3만원 이상은 배송해준다,5,"경비원 분들이 너무 젠틀하고 좋으시고, 아파트가 관리가 잘되며, 시스템이 안정적이다. 다만 분리수거 쓰레기 버리는 날이 주에 하루인데 이틀이엇으면 좋겟다",5,언덕에 있어 일조량이 좋으며 층간소음은 그냥 옆집 윗집에도 누군가 사는구나 하는 정도의 소리가 가끔 들린다.
2815,무악현대,40대,여자,전세 또는 월세,기혼,5,공원이 바로 앞이고 교통도 좋고 조경도 좋고 어디하나 나쁜게 없다. 단지 아파트가 좀 오래되어 생활소음이 좀 있는 편이지만 이해해줄만하다. 살기 편하다,5,4대문 접근성이 너무 좋다. 교통이 좋아서 웬만한 버스는 다 있다. 지하철 3호선이긴 하지만 서대문역까지 걷기도 멀지않아 지하철도 좋다,4,대형마트가 가까이에 없어서 좀 제한적이지만 아파트 상가 내 마트도 나쁘지 않고 조금만 걸어가면 영천시장이라 불편한 점은 크게 없다,5,항상 경비원분들이 깨끗하게 관리해주고 있어서 좋다. 아무나 들어올 수 없게 공용현관 비밀번호도 지정되어 있어 안전하다,4,오래된 아파트라 약간의 생활소음은 감수해야 한다. 특히 화장실쪽 소음은 물내려가는 소리가 꽤 들린다. 저층이지만 햇빛이 잘 들어오는 편이다.
2815,무악현대,50대,여자,전세 또는 월세,기혼,5,시장도 공원도 가깝고 인왕산또한 아파트뒤에 위치하고 버스전철 바로앞 가격또한 서울시내 치곤 저렴~ 오래된 관계로 수리만한다면 거주하는데는 문제없을듯,5,신촌 종로 강남 서울역 어디든 버스다있구 전철도 버스정류장  아파트바로앞 교통은 최곱니다  어디든 출퇴근 문제없습니다,4,외식할수있는곳이 한정되어있지만 영천시장과 시장앞 경희궁자이 상가쪽에 이것저것있어 그리불편하지 않습니다,5,경비아저씨께서 거의 상주해 주시구 년수많큼 녹지도 잘되어 있습니다 단지내 초등학교도있구 유치원도 있습니다,4,오래되서 수리가좀 필요하구 에어컨시래기가 안에 들어와있어야하는 불편 엘베는 새로교체 럭셔리~
2815,무악현대,40대,남자,자가 거주,기혼,3,근처에서 유일하게 아파트안에 초등학교가 있으니 저학년아이가 있다면 추천  지하철.버스노선이 다양하니 출퇴근이 편리하니 맞벌이직장인들에게 추천,5,교통은 짱~  검색해보면 안가는 버스가 없음  단지 흠이라면홍제동으로 가는방향으로 버스정류장이 너무 멀리있다는거..ㅜㅜ,3,언덕배기에 있어서 아이들 자전거 또는 인라인은 위험함...  하지만 독립문공원이 길 맞은편에 있어서 산책하기좋음,4,경비원님들이 친절하시며  재활용시 각동에서 가까운곳에 위치해있어 편하다.  얼마전에 엘베 새것으로 교체하여 아주 럭셔리함,3,다른건 일반적이라 특별할건 없고  에어컨 실외기가 꼭 베란다 인쪽으로 설치를 해야해서 여름에 창문을 열었다 닫았다...ㅜㅜ  베란다안쪽은 찜통....  저층은 도둑들다 무서워 꼭 창문확인해야함
2815,무악현대,40대,여자,자가 거주,기혼,5,입구에서 가까운 30평대 앞에 가리는게 없어 일조권 좋고 남산뷰입니다 후문에서 산책로로 광화문 시청 걸어갈수있고 사통팔달 지하철 코앞이라 교통여건 최상 동간격과 주위환경 고려시 아직도 한참 저평가된 아파트입니다,5,사통팔달 3호선 코앞 공항버스 비롯 시내 모든 지역 버스,5,독립문공원 인왕산성곽길 안산자락길  부암동까지 30~40분 산책거리 첨단시설의 종로체육문화센타 도보로 10분거리,4,넉넉한 지하 연결된 주차공간 소독 수목 관리상태 양호 최근 엘리베이터 교쳬중,5,110동은 가리는 건물 없고 앞뒤가 개방되어 통풍도 잘되며 남산타워뷰라 위치는 절대만족
2815,무악현대,40대,여자,전세 또는 월세,기혼,1,추천하고 싶지 않습니다  최근 아파트 가격이 급등하였는데  거품임에 틀림없습니다  매수하실분들 주의요함,4,독립문역까지 3~10분거리에 위치하여 편리하나  언덕배기라서 올라갈때 무척 힘이 듭니다  도심까지 버스 많은 편임,3,편의시설 절대부족합니다  단지뒤편으로 산이 있어서 산책하기에 좋습니다,3,구형아파트라 방범이나 경비방식이 뒤떨어져  있읍니다  관리사무소 직원이나 경비아저씨들은  착하십니다,3,25평형 구형이라 살기 매우 불편  비가 오면 엘리베이터에 물이 들어가 멈춰서기  일쑤고  32평형 지하주차장 누수로 항상 습기차 있음
2815,무악현대,40대,여자,전세 또는 월세,기혼,4,"주변 교통(지하철,버스,자전거따릉이)이 편리하고 교육시설(초중고)이 좋다. 마트도 있어서 좋다. 하지만 오래된 아파트라서 층간소음이 좀 있다. 하지만 주변 다른 아파트보다는 싼편이다.",4,"지하철(독립문역)과 버스정류장이 도보 2~5분 거리에 위치해 있고, 버스도 마을버스 부터 파란버스까지 다양해서 출퇴근도 편리하다. 다만 시내라서 약간 차가 막힌다. 그래서 대중교통을 추천한다.",5,"도보로 3~7분 거리에 독립문공원이 위치해 있고, 마을버스로는 성곽길과 사직공원으로 연결된다. 마트도 가까운곳에 위치해 있고 편의점도 꽤 기깝지만 많진 않다.",4,"현관에 비밀번호가 있고,(비밀번호 또는 카드없이는 못들어감) 경비아저씨도 매우 친절하시다. 또한 주차장도 꽤 넓어서 좋다.",3,단지 마다 다르지만 배란다가 좀 좁은 편이고 거실도 좀 좁다. 하지만 아담한 만큼 좋다. 요새 아파트가 아니라서 층간소음도 변변찮게 있다.
2815,무악현대,20대,여자,전세 또는 월세,미혼,4,종로로 나가는 길목에 있어 여기저기 가기 교통이 편하고 살기 좋다. 하지만 돈이 있다면 새로 지어진 자이 아파트가 더 좋을것이다.,5,"버스, 지하철 바로 앞에 있으나 은평구에서 시내로 나가는 통로라서 자가용은 항상 막힌다.",4,"종로, 신촌 모두 가깝다. 자이 아파트 들어오면서 편의시설도 많이 생기는중임.",5,주차장은 매우 넉넉해서 차세우기 좋다. 출입통제 같은 경우에는 외부인 차량을 경비원 아저씨께서 확인해주신다.,3,오래된 아파트라 그런지 겨울에 춥다. 층간 소음이 있다.
2815,무악현대,40대,남자,자가 거주,기혼,4,직선계단. 주차장통로. 봄이오면 벚꽃놀이급 단지길..운동삼아 걷기 좋아요,4,2005년 부동산 114살기좋은 아파트였죠..단지에서 시내로 좌회전. 전철내려서 엘베나 에스칼레이터. 여름에 시원. 겨울 따뜻. 배산임수.조용쾌적. 광화문에서 죄회전하는순간 집앞이다 생각납니다. 예나지금이나 주차공간좋고 사람사는맛나고 좀 돤 아파트지만 현대가 단단하게 지었네요. 여튼 만족합니다. 가성비좋은 아파트라봅니다.,4,"전철. 버스. 단지에서 나갈때 죄회전. 걸으면 인왕산. 후문으로 북악산까지 이어지는 드라이브길, 등산로..숨겨진 이런단지 쉽지않습니다.",4,다소 시간이 된 아파트지만 서울 중심시내 위치한 아파트로서 가성비 좋고 출퇴근 용이한 입지가좋다. 상대적으로 소란스럽지않고 한갖져서 좋다,4,쾌적하고 조용하다 베란다가 넓다 주차공간이 많다 매주 수요장이 열린다
2815,무악현대,30대,여자,전세 또는 월세,미혼,4,교통편리. 바로 앞에 독립문 공원 있어서 산책하기 좋고 공원 안쪽에 작은 도서관도 있어요,5,단지 입구 앞에 독립문역 지하철이 있어서 좋음. 버스는 안 타봐서 잘 모르겠고 마을버스 자주 이용해요. 배차 간격도 빠르고 늦게까지 운영해서 좋아요.,3,바로 앞에 공원이 있어서 좋아요 근데 대형마트가없는게 아쉬워요,4,모두 만족스러워요. 택배를 읽어버리거나 경비 아저씨와 마찰이 있었던 적은 없습니다,4,오래된 아파트지만 층간소음 때문에 불편한 적은 없었어요
2815,무악현대,30대,여자,전세 또는 월세,기혼,4,아파트가 오래되긴 했고 또 비싸지만 살기 좋아서 추천해요.,5,"장점:지하철, 버스가 많아 편리하다  단점: 차가 너무 막힌다.",5,장점: 공원이 있어 환경이 좋다.  단점: 놀이터가 낡었아요.,4,장점:관리가 철저해서 좋아요.  단점: 분리수거가 더 잘해랴할것 같아요.,4,장점: 거주환경이 너무 좋아요.  단점: 놀이터가 낡아서요.
2815,무악현대,20대,여자,자가 거주,미혼,4,"가까이 편의점, 슈퍼 등이 있어 편하다. 집앞엔 독립문 공원이 있어 걷기 좋다. 내부시설도 나쁘지 않다, 엄청 좋진 않지만 매우 무난하다. 그나마 꼽을 수 있는 단점은 집앞에 맛집이나 카페 등이 발달되어 있지 않다는 것이다. 그러나 최근 근처에 새로운 아파트 단지가 들어서면서 많이 생겨날 것 같아보인다. 또, 가장 좋은점은 교통이 매우 편리하다는 것이다.",5,"독립문역과 버스 정류장이 집에서 도보 3분-5분 거리, 위치 자체도 좋음.",3,"바로 앞에 슈퍼와 마트가 있고, 독립문 공원이 있다. 장을 보고 산책하는 기본적인 생활엔 지장 없이 편리함. 그런데 프랜차이즈 커피숍이나 맛집 등은 많이 부족함.",3,"택배 보관, 주차장 등은 편리하다. 다른 차들이 들어오지 못하게끔 스티커를 배부하는 출입/통제 방법을 사용해서 주차이용할때 특히 편한 것 같다.",4,"층간 소음 없고 냉난방, 일조량도 나쁘지 않다. 내가 사는 곳은 위쪽 층이라 여름엔 덥고 겨울엔 좀 춥지만, 에어컨과 보일러를 쓰면 아주 쾌적하다."
2815,무악현대,30대,여자,전세 또는 월세,기혼,4,인왕산이 가까워 산책하기 좋음. 이외에 공원 다수 ( 무악공원 월암공원 독립공원 등) 돈암돈 자이 건설로 주변환경 정돈됨.   서울 중심부에 있어 주요 지역 대중교통 출퇴근 30분 이내 가능.,4,강남권 3호선 지하철 30분 버스 470 471  서울역 752 15분  종로일대 470 471 720 등 10분  명동 7021 7025 702 등 20분,3,마을버스 5번이용으로 서대문역 가능  영천시장 도보 10분  독립공원 바로앞 위치  인왕산 도보 십분거리  산아래 위치해 단지안 매우조용,3,택배는 현관문 앞에 두고가는 경우가 많음  경비원이 아파트 주변 지속관리하여 깨끗  최근 주민외 차량 주차및 출입 관리를 강화함,5,정오까지는 거실 오후부터는 방에 햇빛이 많이 듦. 아파트 방향따라 다름.   겨울에 발코니쪽 방이 특히 난방이 잘 안됨.
2815,무악현대,40대,여자,자가 거주,기혼,5,주변아파트보다 값이 낮으면서도 다른 아파트에비해 교통이 편리하고 산이 가까이 있어 공기가 좋다,5,독립문역이 가깝고 시내로 나가는 버스도 많으며 경복궁역도 걸어서 20 분정도 밖에 안걸린다  5호선도 가깝다,5,독립문공원과 인왕산이 가깝다   가장가까운 대형마트는 서울역롯데마트,5,요즘 경비를 줄인다고 일하시는 분들을 줄이는경향이 있지만 주민들이 이를 반대하고 계속 한동에 한분씩 일하는 방향으로 그래서 재활용관리 청소 택배보관 주차관리가 아주 잘되고 있다,5,층간소음이 좀있긴 하지만 게시글등의 안내로 많이 좋아진 편이다
2815,무악현대,40대,남자,자가 거주,기혼,5,"광화문 도심권 직장인들에게 매력적인 거주지이며, 주말에도 도심의 다양한 문화시설 이용이 용이하다. 교통이 편리하고, 인왕산 숲세권으로 환경도 양호함. 단지 내 초등학교가 있어 어린 자녀가 있는 가족에게도 추천할만함.",5,"독립문역이 바로 앞이고 통일로를 지나는 다양한 버스노선이 편리하다. 광화문, 시청 등 도심이 가까워 해당 지역 출퇴근이 편리하다.",4,"뒤로는 인왕산, 앞으로는 독립공원이 있어 운동을 하거나 여가를 보내기 좋다.. 대형마트는 차량으로 15분 거리에 서울역 롯데마트, 공덕 이마트 등이 있고 영천시장이 가까워 장보기에 편리함",4,"동마다 경비아저씨가 있어 단지관리나 보안, 택배관리가 양호하다. 외부차량 통제도 적절하고, 지하 주차공간이 충분하다.",5,"전형적인 판상형 구조로 통풍이 잘되고 대부분의 동이 남향으로 거실에 햇빛이 잘 들어온다.. 도로변에서 들어와 차량 소음이 없고, 인왕산 밑이라 여름철 바람이 시원하다. 층간소음은 보통임."
2815,무악현대,40대,여자,전세 또는 월세,기혼,3,"가까이에 초등학교와 중고등학교가 있고, 공원과 시장이 위치하고, 세란병원이 가까이 있고, 지하철과 버스정류장이 있어 편리하다. 주변 아파트에 비해 가격이 조금 더 비싸다.",5,"지하철 3호선 독립문역이 도보로 5분 이내에 위치하고 있고, 버스정류장도 5분 이내에 있어서 환승하기 좋은 위치에 있지만, 출근시간에는 내리는 승객은 드물고 승차하려는 사람들이 더 많아서 발 디딜 곳이 없어서 겨우 타거나 그냥 다음에 오는 차를 타야 하는 경우가 많다.",4,"걸어서 왕복 1시간이면 영천시장이 근처에 있고, 뒷길로 걸어서 20분 이상 가면 인왕산이 위치하고, 5분 이상 걸어가면 독립문공원이 위치에 있고, 공원 지나면 안산 산책로가 있다.",4,"분양 쪽은 현관 비밀번호를 눌러야 출입 가능하고, 경비는 건물 2동을 관리하고, 자가용은 출입카드가 있어야 단지 입구를 자유롭게 어느 곳이 든 출입을 할 수 있다.",4,베란다와 창문을 열어 놓으면 항상 공기가 잘 순환이 돼서 쾌적하다. 미세먼지가 많은 날은 오히려 문을 열면 먼지가 들어와서 불편하다. 일조량은 아파트 건물이 분산되어 있어서 좋다.
2815,무악현대,40대,여자,전세 또는 월세,기혼,4,다른 건 몰라도 집 거의 앞쪽에 상가와 공원이 있어서 정말 편했다 층간소음은 조금 있지만 그래도 전체적으로 본다면 좋은 아파트인 것 같다,3,주로 자가용으로 다녔는데 출근시간이면 하나뿐인 길을 통해 큰길로 나가려는 차들이 많아 종종 사고가 나기도 했다 신호등이 한번 빨간불로 바뀌면 한참 기다려야 해서 불편하기도 했다,5,"근처에 바로 상가가 있어서 문구점, 병원, 마트 등을 가까운 곳에서 쉽게 이용할 수 있었다 또한 바로 앞에 공원이 있어 가족들과 함께 산책을 나가기도 좋았다",3,관리비가 저렴하고 각 동마다 경비 아저씨가 계셔서 내가 사는 곳이 안전하다고 느낄 수 있어서 좋았다 하지만 각 동끼리 공용 현관 비밀번호가 같아서 그 점은 보완할 수 있으면 좋겠다,3,"바로 앞에 놀이터가 있고 동네에 아이들이 많다 보니 밖에다 너무 시끄러웠고 층간소음도 꽤 있었다 그리고 집 안에서 아파트 공용현관이 열리는 소리, 공용현관부터 엘리베이터까지 사람들이 걸어가는 소리까지 다 들린다는 점이 불편했다"
2815,무악현대,20대,여자,전세 또는 월세,미혼,3,가까이에 없을 거 없이 다 있어서 좋다 하지만 곧 주변에 새 아파트들이 생겨서 조금 비교는 될 것,3,독립문역이 3분 거리라 교통이 편리하다 그리고 버스정류장도 바로 있어서 좋다,3,현대마트랑 초등학교랑 유치원이랑 편의점까지 두루두루 다 있다 편리함,3,관리비가 비싸지 않고 택배보관 등이 잘 된다 그리고 택배를 경비아저씨가 잘 맡아주고 창소도 잘 되어있고 분리 수거함도 잘 되 있음,3,딱히 불편한 점 없고 좋다 단지 외관만 조금 더 깨끗했으면
2815,무악현대,20대,여자,자가 거주,미혼,4,교통이 매우 편리하다는 게 가장 큰 장점이며 추천한다.  출퇴근 시간에 사람이 많다는 게 함정이다.,5,바로 앞에 독립문역이 있어서 교통에 매우 편리하며 종로든 어디든 나갈 수 있는 환경이 좋으면 버스 정류장도 가까워 매우 편리하다.,4,주변 아파트 단지가 새로 들어섰으며 주변 마트도 많고 할인행사도 많다,4,아파트에는 무엇보다도 경비실이 있어 택배보관이 매우 용이하면 편하다~,4,햇빛은 잘 들어오면 층간 소음은 크게 없으나 놀이터도 있으며 놀기 좋다
2815,무악현대,40대,여자,전세 또는 월세,기혼,5,아파트 주변에 공원과 산이 있어 수도권 안에 있어도 쾌적한 편이고 시장이 있어 언제든 장보기에도 좋으며 우선 교통이 편리해서 시내 어디든 쉽게 연결되어 좋다.,5,전철역 도보 5분 안에 있고 버스정류장도 바로 단지 앞에 있고 자동차 이용시도 시내 중심지에 위치해서 교통이 편리합니다,5,단지 바로 길 건너에 독립문공원이 있어 언제든 운동이나 산책할 수 있어 아이들과 사계절을 느끼며 살 수 있어 좋고 도보 10분 거리에 영천시장이 있어 신선한 재료로 장 볼 수 있어 살기 좋다,5,경비아저씨가 동마다 계셔서 택배나 분리수거 등을 잘 관리해주시고 아파트 주변이 깨끗하게 유지된다 좀 오래된 아파트라 주차장 시설이 최첨단이 아니라 밤에는 조금은 무섭긴 하지만 치안 걱정은 없다,4,아파트 동간 거리가 있어 사생활 침해 걱정은 없고 남향이라 해도 잘 들고 겨울에도 따뜻해서 만족한다. 층간소음도 거의 없고 잘 지어진 듯해서 만족한다
2815,무악현대,40대,여자,자가 거주,기혼,5,아이들 키우기에 이만한 단지가 없습니다. 단지 내 초등학교가 있고 또 주변에 사립초도 많고요. 동 간 거리가 멀어 아주 쾌적합니다. 서울 종로구에 이만한 가성비 최고의 아파트 없을듯하네요.,5,"3호선 독립문역, 버스 정류장이 앞이라 이동하기 교통 정말 편해요.",5,"대형마트가 없는 점이 아쉽지만 인터넷 주문으로 해결하고 있고 아파트 상가, 영천시장이 주변에 있어 싱싱한 채소 등 저렴하게 구매할 수 있어 좋아요.",5,"현관 비밀번호가 있어 안전하고요. 택배를 보통 집 앞에 놓아달라 부탁하는데 지금껏 한 번도 잃어버린 적이 없네요.  자전거, 킥보드 현관밖에 새워두고 있고 이것 역시 잃어버린 적 없어요.",5,이전에 살던 서대문구에 모아파트는 남향이었는데 한파에 온수가 언 적이 있었거든요. 지금 무악현대는 남동향인데 재작년 한파에 집을 3박 4일 비웠는데도... 집안이 흔훈해서 난방을 안 끈 줄 알고 깜짝 놀랐었네요. 당연 언 적도 없고요. 엄청난 한파에도 낮에는 난방 없이 지낼 수 있습니다. 그러나 아파트가 오래돼서 그런지 층간 소음은 조금 있는 게 아쉽네요.
2815,무악현대,20대,여자,자가 거주,미혼,4,"교통이 너무 편리해서 중간에 이사를 생각했다가도 마땅한 후보지가 없어 항상 접음. 최근 영천시장 앞에 경희궁 자이 완공으로 인해 그나마 미약했던 상가시설마저 개선되어 매우 좋다. 도심도 가깝고, 강동구 관악구가 아닌 이상 웬만한 서울 시내는 50분 이내 거리!",5,"3호선 독립문역이 아파트 입구에서 1분도 채 안 되는 거리에 있고, 버스정류장에서 서울 다방면으로 가는 버스를 탈 수 있다. 또 강남역 쪽에서 오는 나이트 버스도 있어 교통이 매우 편리!!",4,"뒤에는 인왕산, 그리고 길 건너에 독립문공원이 있어서 운동하기에 좋다. 원래는 주변 상가가 미약하게 느껴졌으나 최근 옆 블록에 경희궁자이 입주가 시작되며 올리브영, 아리따움 등의 매장도 생겨 편리해졌다.",4,"각 동의 경비아저씨가 번갈아가며 정문 초소 당번을 하셔서 자리를 비우실 때가 종종 있지만, 불편함까지 느껴지지는 않음",4,꽤 오래된 아파트라 층간소음은 조금 있는 편(화장실 쪽). 인왕산을 뒤에 끼고 있는 동은 여름에 창문을 열면 산바람이 들어와 시원하다.
2815,무악현대,40대,여자,자가 거주,기혼,3,추쳔해요 ㅇ거리가 너무 마음에 드는데 웬만한 명소는 다 가까이에 있어서 편하고 무엇보다 지하철에서 내리면 바로 앞에 아파트 있어서 편해요 공비도 좋은 편이고 관리비도 저렴해요 햇볕도 잘 들어요 추천!!,4,신촌이랑 종로랑 서울역 광화문 대체로 다 가까워요 버스정류장도 바로 집 앞에 있고 무엇보다 지하철이 집 바로 앞에 있어서 좋아요 그리고 3-1번 출구는 에스컬레이터가 있어서 편하답니다,3,길 건너면 독립문 공원이 있어서 산책하기 좋아요 공기도 좋고 나무도 많고 배드민턴장도 있고 꽤 커요 하지만 주변 마트가 없어요 작은 마트밖에 없고 다이소나 화장품 파는 곳은 꽤 걸어야 해요 아파트 단지 내에 상가가 활발하지 못해요,2,공용 현관의 비밀번호는 자주 바꾸시지 않는 것 같아요 그리고 밑에 뭐 누르면 문이 그냥 열리는 것 같기도 해요~ 그렇지만 경비원 분들이 밤늦게까지 자리 비우시지 않고 관리해주셔서 무섭진 않아요! 꽤 밝아요,2,"여름에는 적당히 덥고 겨울에 특히 별로 춥지 않아서 난방비가 별로 안 나와요! 하지만 방음이 잘 되진 않는 것 같아요 위층에서 노래 부르는 소리, 망치질하는 소리가 곧잘 들리긴 해요! 하지만 이건 가끔 그렇고 심하면 말하면 돼요"
2815,무악현대,50대,여자,전세 또는 월세,기혼,4,"교통편리, 상가가 활성화되지 않아 불편. 은행, 우체국 등 편의시설 부족",5,"독립운역 5분 거리로 교통편리, 서울 도심과 가까움. 자가용 이용 편리 주차시설 완비됨",4,"인왕산, 안산 산책로가 있어 공기가 좋고 운동 가능함. 영천시장이 근처이나 마트가 근처에 없음",4,택배 받거나 반송이 편리함. 주차장 관리 만족. 단지가 조용하고 쾌적함,4,단지가 조용하고 쾌적함. 단지 내 은행 등 편의시설 부족해서 불편함
2815,무악현대,20대,여자,전세 또는 월세,미혼,4,"바로 앞에 독립문역이 있고 또 세란병원도 있고 경찰서, 도서관 등 편의시설이 다 있다  그러나 대형 마트 같은 경우는 근처에 없어서 그 점이 아쉬워서 4점을 주었다",4,"독립문역이 근처에 있어서 좋다 버스도 여러 대 다닌다. 대중교통은 좋은데, 자차로 출퇴근하기에는 차가 종종 막힌다",4,"앞에 바로 독립문 공원, 독립문역, 세란병원, 각종 편의점, 종로도서관, 경찰서가 다 있어서 좋았다. 가끔 교통이 혼잡하거나 시위가 있으면 길 막히는 것 정도는 단점이다",4,다 좋았다 청소도 깨끗하게 해주시고 경비아저씨도 친절하셨다 그러나 가끔 주차공간이 부족할 때도 있었다. 그 점만 좀 아쉬웠다,3,햇빛도 잘 들어오고 냉난방도 잘된다  근데 가끔 층간소음이 있고 꼭대기층이라 그런지 옆에 엘리베이터 작동 소리가 조금 크게 들려서 불편한 점도 있었다  햇볕은 정말 잘 들어서 낮에는 불은 안 켜고 지냈다
2815,무악현대,50대,남자,자가 거주,기혼,5,"주변 사랑에게 강력히 추전 하며 다시 한번 살고 싶은 아파트다,, 운동삼아 신촌까지 걸어가 보니 ㅇ30분이면 도착하여 좋은 환경이다 강북삼성병원, 연세 세브란스 , 적십자병윈등 대형병숸도 있다 너무 좋은 아파트이다 층간소음도 없다 교통도 전철 버스 등이 좋다 최상의 아파트 지역이다",1,"시내와 가깝고 주거환경 좋음 너무 좋은 환경이다 751,752,750 ,701,703등이 서울역으로 직행ㅅ나여 회사로 20분이면 도착하여 너무 좋다 자가용으로는 20분 거리라 주말에도 좋다",1,"20분 거리에 이마트,, 롯데마트 위치,, 앞쪽으로 ㅇ독립문공원,, 인왕산과 안산 등 쾌적한 주거환경이며 다니는 회사와 거리가 3km 떨어져서 좋은 환경이며 최근 영천시장 앞 건립된 경복궁 자이는 무악현대보다 좋은 환경 같다 시내와 가까운 점이 좋다",1,아주 잘 관리되는 아파트로 봄철마다 벚꽃 축제 등을 여는 등 대단지이면서 깨끗한 환경 및 주차장을 가지고 있는 아파트입니다,5,아파트 간의 넓은 공간은 재건축 시에도 좋은 장점이 되나 바로 뒤가 암벽으로 이루어져 약간의 난항도 예상된다! 앞쪽으로 고가가 있어 먼지가 많다
2815,무악현대,20대,남자,전세 또는 월세,미혼,2,노후돼 잇는 게 단점 조금 넓은 집을 원한다면 위쪽으로 올라가서 108 동부터 사는 것을 추천드린다,5,지하철이 코앞이며 버스정류장도 코앞이고 무엇보다 근처 도시로 가는 간격이 짧기에 편리한 점이 많다,3,독립문 이외에 없음 또한 서대문형무소를 구경하는 것 외에는 볼 것이 없으며 주변에 사람이 없기에 아늑한 공간으로 생각된다,4,나름 깨끗하고 경비아저씨가 친절하시며 무엇보다 항상 환경을 생각하셔서 청소해주셔서 만족스럽다,5,만족스럽다 1층이라 그런 점이 있다. 단지 가끔 소동을 피우는 사람들이 밖에서 시끄럽게 굴고 윗집이 쿵쿵 댈 때가 있을 뿐이다
2815,무악현대,20대,여자,자가 거주,미혼,4,조용하고 교통 편리함. 번화가로 쉽게 나갈 수 있어서 편리하다,5,"바로 앞 3호선 독립문, 조금 걸어서 5분 이내로 버스정류장에서 신촌, 종로, 광화문, 서울역 등 가까움",3,"독립문공원 좋다. 편의점이나 마트 적음 독립문공원, 서대문역사관, 자연사박물관, 도서관 등",3,보통 만족한다. 상가에 마트가 바로 있어서 편리하다. 언덕이라 약간 힘든 점은 있음,5,빛 잘 들어오고 아파트 깔끔하다 방에서 전화가 잘 안 터져서 불편하다
2815,무악현대,20대,여자,자가 거주,미혼,4,"전 추천해요! 비록 주변에 상가는 많이 없지만 , 교통이 너무 편리해서 일단 너무 좋고 딱 중심지인 것 같아요! 관리비도 저렴하고, 건너에 독립문공원이 있어서 산책하기도 나쁘지 않아요~~!",5,"지하철이랑 아파트랑 2분 거리이고 신촌, 홍대와 같이 핫플레이스랑 버스로 10분밖에 안 걸려요! 서울역, 종로, 광화문도 가깝고..! 너무 좋아요!",2,"무악동은 매우 주변에 뭐가 없어요 ㅠ 독립문 밖에 없고 파리바게트랑 뚜레쥬르, 편의점 , 학원밖에 없어요. 화장품 가게, 올리브영, 이런 게 모두 신촌에 가야 해서 너무 불편해요!!",2,"청소 매일 열심히 해주시고, 경비원 분들이 택배도 친절하게 맡겨주세요! 항상 관리하셔서 너무 편해요! 하지만 공용현관의 비밀번호는 어디 누르면 그냥 열리던데.. 이건 좀 허술한 것 같아요..",3,"층간 소음 없고 햇빛도 잘 들어오고, 겨울에는 그리 춥지 않고 좋은 것 같아요.! 그래서 난방비도 덜 나오더라고요! 아. 근데 방음은 좀 안 되는 것 같아요 위층에서 떠들면 소리가 가끔 들려요"
2815,무악현대,30대,여자,전세 또는 월세,기혼,4,"광화문 직장인에게 추천하나, 자취는 비추.  위쪽 위치한 동도 마을버스 갈아탈 정도로 걸어 다니기 힘듦",4,3호선 지하철 인접  신촌 광화문 버스 좋음  강남 가기는 불편,5,아파트 마트 말고는 마트 멀긴 한데 단지 내에서 다 해결 가능,5,오래되어 손볼 곳 많음  보일러 고장 잦았음  위쪽 동은 경사 가파름,3,층간소음 있고 방이 넓은 대신 거실 좁음  베란다랑 붙어있는 안방에 층간 소음이 심해서 세탁기 밤에 돌리면 살인남
2815,무악현대,30대,여자,자가 거주,기혼,3,교통편이 좋은 게 가장 큰 장점이 되네요. 그것 말고는 딱히 생각리 안나네요,5,버스와 지하철이 다 5분 이내라서 편하고 종로라든지 강남 일산 명동 등등 다 멀지 않아서 장점이네요,3,주위에 맛집도 없고 없는 것 투성이입니다 영화도 종로나 명동 나가야 하고 마트는 어찌나 비싸던지요. 시장도 물가가 비싸니 마트도 그런 편입니다,2,20년 된 아파트라 낙후되어가는데 관리는 거의 안 하시는 듯. 벽이 오래돼서 색이 바랬는데도 놔두시고 슬슬 집들이 노후되어 가는데 대책을 들어본 적 없었네요,3,요새 재개발로 환경이 그닥이에요. 공사 투성이라 각종 먼지에 웬만한 가게들이 다 문 닫아서 그나마 없던 곳이 다 사라진느 낌입니다 그냥 집만 있는 느낌
2815,무악현대,50대,남자,자가 거주,기혼,5,주변시세에 비해 아파트가 좋으면서도 가격대는 그렇게 높지 않아 정말 추천할만한 아파트 단지입니다 뭐 1000세대 가까운 대규모 단지로서 입지 조건 주변 환경 교통여건 등 나무랄 데 없이 좋은 환경입니다,5,서울 도심 한복판에 위치하여 지하철 독립문역 5분 이내 거리로 정말 가깝고 버스교통도 편하고 교통여건은 어디에 내놔도 손색이 없습니다,5,앞으로는 독립문 공원 뒤로는 인왕산이 인접해 있어서 등산이랑 운동에 좋은 환경을 가지고 있으며 서울성곽 등 주변 경관이 정말 아름답습니다,5,아파트가 아파트가 어느 정도 만들어진지 15년 이상이 되어 관리하는데 여러 가지 손이 가지만 관리사무소에서 아파트를 정말 잘 관리하고 있습니다,5,어 탁 트인 조망권에 따라 서울 남산타워가 아주 잘 보이고 인왕산을 볼 수 있으며 도로와도 조금은 떨어져 있어서 소음이 없으며 추적한 환경을 가지고 있습니다
2815,무악현대,50대,여자,자가 거주,기혼,5,교통이 아주 편리하고 공기 좋은 환경에 가격도 저렴함. 고궁도 가까이 있고 박물관 미술관이 많아 문화생활하기 좋음.,5,서울 한복판에 위치하고 있어 버스노선이 다양하고 지하철역이 단지 바로 앞에 있어 교통이 아주 편리하다.,5,단지 뒤로 인왕산과 북악 스카이웨이 길이 있어 산책과 등산하기 좋고 길 건너에 독립공원과 안산이 있고 환경과 공기가 좋다.  교통과 환경이 좋은 입지조건을 갖추었고 연대 서강대. 이대 등 명문대가 가까이에 있다.,5,경비아저씨가 각동마다 있어 안전하고 재활용 쓰레기 처리가 잘됨   청소 상태 양호함,5,용적률이 낮아 동간거리가 멀어서 쾌적함.  동남향 또는 서남향으로 남향을 끼고 있어 일조권 양호함.
2815,무악현대,30대,여자,전세 또는 월세,기혼,3,"주변환경은 좋으나 산 경사면에 단지가 위치해서 길의 대부분이 경사로이며, 아이들이 놀기 적합한 곳이 아님.걸어서 다니기 힘들다.자차 이용자들에겐 나쁘지 않음",5,"독립문역이 단지앞에 있고, 버스정류장도 단지앞 길에 바로 있다. 단지 옆으로 마을버스가 따라 올라감",4,"대형마트는 없어서 아쉬우며, 근거리에 영천시장, 단지 길건너에 독립공원과 어린이도서관이 있고, 마을버스로 종로체육문화센터, 종로도서관, 경복궁을 갈 수 있어 다양한 문화생활을 즐길수있다. 인왕산이 뒤에 있어 공기도 좋다",4,분리수거를 지정된 시간에만 할 수 있어서 불편하다. 경비아저씨들이 택배도 맡아주시고 대부분의 동에 배치되어 있어 안전하게 느껴진다. 주차 공간이 많지는 않으나 주차관리는 잘 되고 있다,3,베란다 구조가 많이 안좋아 죽은 공간이 생긴다 수납공간이 적어서 작은 방 하나를 창고방으로 써야할 정도임 우리집은 정남향이라 난방비는 많이 들지 않음
2815,무악현대,30대,여자,자가 거주,기혼,5,"광화문 서울역 신촌 등 접근성이 뛰어나며 자연친화적인 환경에 단지 안에 초등학교, 유치원 다 끼고 있어 매우 만족한다",5,지하철역 버스정류장 다 아파트 단지 입구에 있다  거점지역인 듯 광화문 서울역 모두 운동삼아 도보로도 가능하다 버스 노선도 많으나 차는 종종 자주 막힌다,5,광화문 서울역 다 가깝고 아파트 단지 입구 길 건너에는 공원도 있다,5,청소 아주 깔끔히 잘 해주시고 출입통제는 좀 덜한 것 같다,5,한겨울에도 빛이 잘 들어와 난방비가 많이 안 나온다 층간소음도 다른 아파트에 비해 덜한 듯 느껴진다
2815,무악현대,20대,남자,자가 거주,미혼,3,가까이에 슈퍼가 있고 병원이 있고 미용실 은행 다 있어 또 헬스장도 있다. 없는게 없는 듯 하다.,4,주변애 지하철도 있고 아주 좋습니다 추천하는 교통과 살기 좋은 도시입니다,5,독립문공원이 있고 아파트도 그렇게 높지 않고 배치도 아주 좋아보입니다.  아주 살기 좋은 아파트인 듯,3,공용 현관의 비밀번호를 자주 바꿔서 잡상인이 아파트 안으로 들어오지 못하고 안전하다.,3,베란다가 넓기 트여 있지 않아 바람이 덜 들어와 여름에는 에어콘을 항상 켜야 합니다
2815,무악현대,20대,여자,전세 또는 월세,미혼,5,24시간 음식점과 조금 큰 마트도 있고 운동하기 좋은 인왕산도 있고 아파트 입구에서 3분 걸리는 독립문역과 홍제. 서울역 가는 버스정류장도 3분 거리 안에 있고 홍대 가는 버스정류장도 10분만 걸으면 바로 있어서 교통은 좋다,5,"아파트 입구에서 도보로 3분 거리 안에 있다 홍제, 연신내, 불광역을 한 번에 가는 버스도 아파트 입구에서 3분만 걸으면 되는 곳에 버스정류장이 있다 하지만 퇴근시간에는 거의 사거리 쪽이라 차가 되게 자주 막힌다",3,아파트 입구에 마트도 있고 아파트 후문 쪽에서는 마을버스로 10분 좀 타면 재래시장도 있어서 장보기도 편하고 주변에 인왕산이 있어서 좀 더 맑은 느낌을 받을 수 있다,3,아파트가 엄청 오래되지는 않아서 아파트에 디지털 도어록이 없는 곳도 있지만 대체적으론 엘리베이터를 이용하게 되는 것 같다,5,베란다가 그렇게는 넓지는 않지만 많은 짐을 보관할 수 있고 햇빛이 잘 들어오며 겨울엔 엄청나게 춥지는 않다 아파트라서 층간소음 때문에 좀 답답하지만 그런 나이는 지났어서
2815,무악현대,30대,여자,전세 또는 월세,미혼,5,종로구라는 특징이 말 그대로 어디든지 지하철이든 버스나 차로도 수도권 전 지역에 1시간 이내로 모두 이동 가능하다. 그리고 주변에 공원이나 역사적인 상징인 소중한 우리 역사의 유산이 많아 매우 좋다. 또한 주변에 여러 명문대가 있어서 학교 다니기에도 용이한 가장 큰 장점!! 이렇기에 5점을 주었다,5,"종로구라 말 그대로 어디든지 지하철이든 버스나 차로도 수도권 전 지역에 1시간 이내로 모두 이동 가능하다. 지하철이 3호선이라 물론 지방에서 오는 고속터미널 역시 30분 안으로 가능하며 서울역, 용산역은 택시나 차로 달리면 무조건 20분 이내 도착. 또한 주변에 여러 명문대가 있어서 학교 다니기에도 용이한 가장 큰 장점!!",5,바로 앞에는 넓고 각종 꽃과 나무가 가득한 공원이 있고 뒤로는 등산코스를 최근 만들어 특히나 조상님들의 성벽을 보는 것만으로도 엄청 놀랍다. 하지만 근처에는 광화문에서 요새 집회를 많이 해서 어떤 면은 좋지만 어떤 면은 주민으로 불편함이 있다. 그러나 좋은 현상이므로 점수는 깎지 않았다. 또한 공원에는 이진아도서관이 있어 언제든 가서 무료로 각종 책을 볼 수 있다는 큰 장점.,5,관리인이 수시로 바뀌지 않아 서로 친해지고 분리수거 역시 그냥 두고 가시라고 할 정도다. 또한 단지 입구마다 모두 관리인이 계셔서 매우 편하고 감사하다.,4,"일단 높은 곳에 위치해 빛과 공기 상태가 좋고 통풍이 잘되며, 전망 역시 좋다. 엘리베이터가 자주 고장 나는 건 사실이지만 그래도 점검 때문이라면 오히려 방치보다는 훨씬 낫다고 생각한다."
2815,무악현대,20대,여자,전세 또는 월세,미혼,4,"추천이라고는 뭐하지만, 노인부부나 중고등학생이 있는 집이 살기 좋다. 소음도 딱히 없고, 공기도 좋다. 단점은 주변 이웃에게 관심이 많은 분들이 계시다.",4,"독립문역이 도보 3분 거리에 있고, 버스와 지하철이 가까워 이용하기 편하다.",4,"편의점도 종류별로 아파트 단지 근처에 있고, 역사적인 공원이 있다. 인왕산, 남산, 안산에 코스가 여러 가지로 있어서 산이 많아서 공기가 맑고 그날그날 컨디션에 따라 운동 난이도를 바꿀 수 있다.",4,"경비아저씨께서 아침 점심 저녁으로 청소를 하시고 교대로 단지 내 순찰을 하시며, 주차장을 관리하십니다.",4,"냉난방을 안 했을 때에 여름에는 시원하고, 겨울에도 시원하다. 그래도 겨울에 난방을 하면 금방 따뜻해진다."
2815,무악현대,30대,여자,자가 거주,미혼,5,교통도 편리하고 아파트 단지 내 마트 및 주변에 시장도 있고 주변에 공원 및 등산로 형성이 잘되어 있어 너무 좋지만 이마트나 쇼핑몰 같은 문화공간이 없어서 그 점이 조금 아쉬워 전체적으로 4점 정도 주고 싶습니다,5,단지 바로 앞에 버스정류장 및 독립문 지하철역이 있어 출퇴근이 용이하고 대중교통 배차간격이 짧아 너무 좋습니다.  저희 집은 아파트 후문 쪽에 위치해 있어서 5번 마을버스  또한 이용할 수 있고 마을버스를 통해 경복궁역 또한 쉽게 접근할 수 있습니다.,4,단지 내 마트도 있고 바로 맞은편에 독립문공원이 있고 인왕산에 산책로가 잘 형성되어 있어서 건강관리하는 데 있어서 좋은 입지를 갖고 있습니다.,4,현관에 비밀번호 시스템이 되어 있어서 외부 잡상인 등의 출입을 방지하고 경비실에서 대신 택배를 배송받아주니  편리하고 주차장 또한 관리가 잘 되어 있어 항시 깨끗하고 쾌적합니다.,3,"아파트 세대수가 많고 적절하게 배치가 돼서 건물끼리 일조량을 침해하거나 그런 일은 없고, 나무 및 중간중간 쉼터가 형성되어 있어서 너무 좋습니다. 난방 또한 개인 난방이라 조절할 수 있고 층간소음에 있어서는 위아래로 아이들 키우는 집이라서 어느 정도는 느끼는 부분이지만 크게 지장이 있을 정도는 아닙니다."
2815,무악현대,30대,여자,자가 거주,기혼,4,있을 건 거의 갖춰있고 살고 있는 주민들이 어르신들이 많고 교양 있으신 분들이라 트러블도 거의 없어요. 앞뒤로 산이 있어 가볍게 등산하기도 좋고 산책하기도 좋아요. 서울치곤 주차장 여유 있어요. 오래된 아파트의 단점 빼곤 만족합니다.,5,독립문역 초근접 역세권이고 버스 노선 많아요. 단지 강남으로 가는 게 1개뿐이라 그 버스는 좀 혼잡해요. 5호선 서대문역도 버스정류장으로 2개 거리 서울역은 버스정류장 4개 라 교통 진짜 편해요.,3,"편의점 많고 중소형 마트, 영천시장이 있어 편해요. 독립문공원이 있어 산책하기 좋고 앞으로는 안산 자락길 뒤로는 인왕산이 있어요. 그런데 상권이 그리 발달하지 않아 근처에서 외식하는데 조금 불편함이 있어요.",4,택배보관 잘해주시고 대부분의 경비아저씨들 매우 친절하셔요. 주차장은 여유로웁니다. 공용현관 비밀번호가 있으니 바뀐 적이 없어 잡상인들 많이 와요,4,일조량 너무 좋아요. 겨울에 거의 난방을 하지 않아도 그리 춥지 않아요. 오래된 아파트라 구조가 같은 평수래도 조금 좁고요. 층간소음은 좀 심해요.
2815,무악현대,30대,여자,자가 거주,미혼,5,가격 대비 서울에서 이런 거주환경이 드물 것이라 생각한다. 특히 강북권 직장인들에게 최고 접근성이고 거주환경이 조용하고 쾌적하며 교통이 편하다,4,"서대문, 광화문과 매우 가깝고 독립문역 역세권에 버스정류장이 잘돼 있다. 교통에 있어서는 서울시내에서 최고 등급일듯하다. 별 하나 뺀 건,, 홍제 쪽 넘어가는 차들이 많아서 서대문역부터 독립문교차로에서 교통체증이 좀 있는 편이다",5,뒤에 산이 있어서 공기 좋은데 버스정류장. 지하철역이 바로 앞에 있고 시내 중심가에 있어서 교통 매우 편리하다. 독립문공원이 길 건너에 있고 등산 산책로가 잘 가꿔져 있어 산책하기 좋다.,3,"공용현관 비번이 여기 이사 오고 나서 17년 동안 딱 한번 바뀌어서 좀 그렇긴 하다. 청소, 시설보수나 경비아저씨에 의한 보안관리 등, 단지관리는 잘되나 다만 건물 노후화로 인해 설비 같은 게 조금씩 구형화되는 게 좀 문제다, 지하주차장이 엘리베이터 연결이 안 되 있다",4,"층간소음은 복불복이라 한다,, 다른 아파트와 비슷한 정도고 옛날 아파트 도서는 보통이다. 윗집이 마루 깔아진 집이면 더 시끄럽다  언덕배기에 있어서 꼭대기 동들은 별로인 거 같다, 정남향은 아니라 일조량은 천차만별이지만 대체로 따뜻한 편..  여름이면 뒷산에서 불어오는 바람 덕에 통풍이 매우 잘되고 공기가 깨끗한 편이다."
2815,무악현대,20대,여자,전세 또는 월세,기혼,4,사가리로 서대문구 은평구 종로구 연희동으로 해서 금방 갈 수 있기에 추천한다. 버스 타기도 용이 하고  다만 근처 아파트들 모두 집값이 비쌀 뿐이다.,4,바로 지하철역과 버스정류장 있다.  서울 역방향에서 홍제 방향에서 내릴 땐 좀 걸어야 한다. 종로 쪽으로 나가는 건 바로 앞에 있다.  홍제 방향에서 올 때 자가용 이용 시에 바로아 파크 단지로 좌회전이 안돼서 고가에서 유턴해아한다 그게 가장 불편하다,4,"사거리로 은평구 서대문구 종로구 등 금방 갈 수 있다.  단 대형마트를 가려면 차를 타고 10분 정도 가야 한다.  서울역 롯데마트, 응암 이마트",4,나름 괜찮았다.  택배를 경비실 문 앞에 두시지만 아직까지는 없어진 적은 없다. 경비아저씨도 친절하시고 괜찮다.,3,"비 온 날 좀 습했다. 그래도 가습기 좀 돌리면 괜찮다  해도 잘 들어와서 빨래도 잘 마르고 괜찮았다.  여름에는 베란다와 문을 열어두면 바람이 통 해시 원했고  겨울에는 보일러 빵빵 히트니 따뜻했다. 단, 복도 쪽 방은 좀 추웠다"
2815,무악현대,20대,남자,전세 또는 월세,미혼,4,"은근히 역세권에다가 요충지에 자리하고 있고, 서울 아파트에 비해 가격도 비싸지 않으며 공원과 시장, 교통까지 갖출 건 다 갖춰져 있습니다. 다만 그것이 뛰어난 수준은 아니기에 별 3개 반을 주고 싶지만 4개를 드립니다. 한줄평은 ""서울에서 살기에 최소의 조건을 갖춘 아파트""라고 하고 싶네요.",4,"독립문역이 상당히 가깝습니다. 단지의 위치가 대로와 상당히 가깝습니다. 서대문, 불광(연신내), 광화문의 허브로서 지리적인 이점이 있습니다. 다양한 지선 버스가 교차하는 구역입니다. 다만, 상습적으로 교통체증이 일어나는 구역입니다.",3,"바로 앞에 독립문 공원이 있어 산책하기 좋습니다. 공원의 관리상태도 최상입니다.  규모가 큰 재래시장인 영천시장이 근처에 있습니다. 야채와 과일을 구하는데 제격입니다.  소규모 산인 안산과 비교적 큰 산인 인왕산이 근처에 있습니다. 레저에 좋은 환경입니다.  그치만 대형마트를 찾아가기에는 불편합니다. 은평구, 불광동으로 가야 합니다.",3,연식이 오래되어 관리상태는 보통 정도입니다.  관리비가 크게 나오지는 않습니다.  주차장은 그 편의성에 대비하여 공간이 부족합니다.,4,"[거주 당시 환경을 바탕으로 작성함]  남향이라 일조량 걱정이 없습니다. 식물을 키운다면 가장 좋은 환경  고층의 경우 바람이 세서 겨울에는 베란다를 열기 좀 부담스럽습니다.  층간소음은 약간 있는 정도, 아이들이 있다면 주의할 것을 당부합니다."
2815,무악현대,40대,여자,전세 또는 월세,기혼,4,광화문에서 걸어서 7분.. 아파트 뒤로 인왕산 진입로와 부암동으로 연결되는 북악 스카이웨이가 있어 산책으로는 남산보다 훌륭.. 앞에는 독립문 공원 있고 신촌까지 5분...,5,교통 편리 지하철 버스 전부 2분 이내 이용 가능  심야버스도 있고 광화문 서울역 신촌... 전부 10분 이내,5,서울역 롯데마트와 입점 식당 사용 용이 주변에 영천 시장과 중형 마트가 있어 배달도 용이,4,15년 된 아파트라 외관은 별로.. 주차장 사용이 매우 용이 타 아파트 경우 1가구 차 한 대까지만 무료 주차이고 2대째부터는 따로 45만 원을 매달 받는 곳도 있다는데 여기는 주차장만큼은 널널,4,주변에 5분 이내의 거리에 대형 병원이 3곳이고 그중 하나는 아파트 입구에 위치 마을버스 있어서 편리 단 새로 이사하는 사람이 리모델링을 하고 입주하는 경우 층간 소음 있음
2815,무악현대,30대,여자,전세 또는 월세,미혼,5,서울 중심지라 어디든 이동이 편하고 출퇴근이 편리하다  단 아파트 근처의 대형마트가 없어서 대중교통을 타고 가야 함,5,"아파트 정문으로 버스 정류장 지하철 1분 거리에 있어 매우 편리하고, 서울 중심지라 어디든 출퇴근 가능함",5,대중교통 20분 내로 롯데백화점 신세계 백화점 현대백화점 있으며 길 맞음 편 독립문공원이 있어 운동과 산책 가능,5,15년 이상된 아파트치고 외관이 깨끗하며 경비 아저씨들께서 순회도 자주 하시고 친절 하심,5,뒤편에 아이파크 아파트가 지어지면서 인왕산을 다 가림  하루 종일 햇빛이 잘 들어오고 개별난방이라 따뜻함
2815,무악현대,30대,여자,자가 거주,기혼,5,"강북에 가격 대비 좋은 아파트. 교통 편리.  꽤 오래된 아파트지만 관리 잘 되고 있고, 조용하고 살기 좋은 아파트",5,독립문역 가까움  시내로 나가는 버스 많음  단지 바로 앞 상습 정체 있긴 하지만 크게 문제 될 정도 아님.,3,"정문에 독립문공원, 단지 내 학교  큰 마트나 커피숍, 패스트푸드 등 편의시설은 부족하여 약간 불편",5,관리비 비싸지 않은 것 같고... 경비아저씨들 매우 친절. 택배 등 보안도 철저한 편.,5,"고지대 위치하고 있어서 조용하고, 빽빽하게 되어있지 않아 좋음.  놀이터도 적당"
2815,무악현대,40대,남자,자가 거주,미혼,4,단지 내 초등학교가 있고 도심과 가까워 출퇴근이 편리하다. 단지 내 언덕이 있는 것은 단점이다,5,3호선 독립문역이 단지 바로 앞에 있고 다양한 버스 노선이 있다. 서대문이나 광화문은 걸어서 출퇴근할 수 있다.,1,단지 건너편은 독립공원 그리고 인왕산 밑이라 쾌적하지만 그만큼 다양한 상가들이 부족하다. 영천시장이나 서울역 롯데마트로 가야 된다.,4,단지는 깨끗하게 관리되고 있으며 주차장도 자리가 넉넉하다. 택배는 경비실에 보관 가능하다.,3,고층의 경우에는 독립공원이나 서울 타워를 비롯한 도심 야경을 즐길 수 있다. 동남향은 여름에 덥지 않게 지낼 수 있다.
2815,무악현대,30대,여자,전세 또는 월세,미혼,4,도심에서 가까워 출퇴근도 편하고 공원도 가깝고 좋습니다,3,경사가 있는 단지 따라 내려가면 여러 방향으로 다니는 버스도 많고 3호선이라 편리하다,4,독립문 공원 성곽 공원 두루 가깝고 마트도 가까워서 좋다,4,현관 비번으로 안전하고 단지 내 주차장에 외부차가 드나들기 힘들어 좋다,3,뒤에 인왕산이 있어서 여름에도 시원하고 앞을 가로막는 것이 없고 단지 자체가 높은 곳에 있어서 일조량이 좋다
2815,무악현대,20대,여자,전세 또는 월세,미혼,5,대중교통도 바로 앞에 있어 교통이 편리하고 주위에 편의시설도 잘 설비되어있다. 또한 단지 내부도 쾌적하고 조용해서 살기 좋다,5,아파트 단지 바로 앞에 지하철 무악재역이 있고 동시에 버스정류장도 있어서 서울 내의 교통이 편리합니다,5,아파트 단지 내에 마트가 있고 주위에 24시간 편의점이 있어 장보기에 편하다. 집 바로 앞에는 독립문공원이 있어서 산책하기도 좋고 공기도 좋은 편이다,5,아파트의 단지가 크다 보니까 경비원이 많이 순찰을 돌아준다. 그래서 다른 아파트에 비해 안전하게 느껴진다.,5,살짝 언덕 위에 있어서 입구에 들어갈 때에는 조금 계단을 이용해야 하지만 집 안에서는 통풍도 잘 되고 남향으로 베란다가 설치되어있어서 햇볕도 잘 들고 좋다.
